year_month,city,boosted_rate_0-4 Years,boosted_rate_12-15 Years,boosted_rate_16-19 Years,boosted_rate_20-29 Years,boosted_rate_30-49 Years,boosted_rate_5-11 Years,boosted_rate_50-64 Years,boosted_rate_65-74 Years,boosted_rate_75+ Years,fully_vac_rate_0-19 Years,fully_vac_rate_0-4 Years,fully_vac_rate_12-15 Years,fully_vac_rate_16-19 Years,fully_vac_rate_20-29 Years,fully_vac_rate_30-49 Years,fully_vac_rate_5-11 Years,fully_vac_rate_50-64 Years,fully_vac_rate_65-74 Years,fully_vac_rate_75+ Years,onedose_vac_rate_0-19 Years,onedose_vac_rate_0-4 Years,onedose_vac_rate_12-15 Years,onedose_vac_rate_16-19 Years,onedose_vac_rate_20-29 Years,onedose_vac_rate_30-49 Years,onedose_vac_rate_5-11 Years,onedose_vac_rate_50-64 Years,onedose_vac_rate_65-74 Years,onedose_vac_rate_75+ Years,onedose_vac_rate_Total_x,boosted_rate_AI/AN,boosted_rate_Asian,boosted_rate_Black,boosted_rate_Hispanic,boosted_rate_Multi,boosted_rate_NH/PI,boosted_rate_Other/Unknown,boosted_rate_White,fully_vac_rate_AI/AN,fully_vac_rate_Asian,fully_vac_rate_Black,fully_vac_rate_Hispanic,fully_vac_rate_Multi,fully_vac_rate_NH/PI,fully_vac_rate_Other/Unknown,fully_vac_rate_White,onedose_vac_rate_AI/AN,onedose_vac_rate_Asian,onedose_vac_rate_Black,onedose_vac_rate_Hispanic,onedose_vac_rate_Multi,onedose_vac_rate_Other/Unknown,onedose_vac_rate_Total_y,onedose_vac_rate_White,boosted_rate_Female,boosted_rate_Male,boosted_rate_Other,boosted_rate_Total,fully_vac_rate_Female,fully_vac_rate_Male,fully_vac_rate_Other,fully_vac_rate,onedose_vac_rate_Female,onedose_vac_rate_Male,onedose_vac_rate_Other,onedose_vac_rate_Total,Year,Month,Labor Force,Employed,Unemployed,city_rate,Massachusetts Rate
2021-03,Chelsea,,,,12.0,22.0,,39.0,60.0,61.0,0.0,,,,10.0,14.000000000000000,,23.0,53.0,71.0,1.0,,,,17.0,25.0,,42.0,78.0,83.0,26.0,9.0,50.0,13.0,14.000000000000000,49.0,,inf,40.0,51.0,25.0,11.0,7.000000000000000,18.0,,inf,32.0,57.00000000000000,46.0,18.0,13.0,28.000000000000000,inf,98.0,47.0,24.0,19.0,,21.0,19.0,13.0,inf,48.0,30.0,22.0,inf,50.0,2021,3,20532,18874,1658,8.1,6.7
2021-03,New Bedford,,,,5.0,12.0,,25.0,43.0,42.0,0.0,,,,5.0,9.0,,15.0,33.0,46.0,0.0,,,,9.0,16.0,,29.000000000000000,59.0,64.0,21.0,5.0,13.0,13.0,7.000000000000000,14.000000000000000,22.0,inf,18.0,9.0,5.0,9.0,3.0,4.0,89.0,inf,13.0,8.0,9.0,16.0,6.0,7.000000000000000,inf,46.0,22.0,17.0,14.000000000000000,,23.0,14.000000000000000,9.0,inf,12.0,24.0,17.0,inf,21.0,2021,3,47594,42658,4936,10.4,6.7
2021-03,Newton,,,,27.0,56.00000000000000,,66.0,74.0,76.0,1.0,,,,12.0,25.0,,30.0,68.0,84.0,3.0,,,,24.0,44.0,,58.00000000000000,95.0,97.0,43.0,23.0,35.0,31.0,24.0,87.0,,inf,46.0,48.0,15.0,22.0,11.0,31.0,,inf,28.000000000000000,52.0,25.0,38.0,21.0,51.0,inf,66.0,44.0,46.0,42.0,inf,44.0,30.0,24.0,inf,27.0,46.0,38.0,inf,43.0,2021,3,46864,44874,1990,4.2,6.7
2021-03,Revere,,,,12.0,19.0,,29.000000000000000,47.0,42.0,1.0,,,,10.0,13.0,,21.0,48.0,53.0,2.0,,,,19.0,26.0,,39.0,68.0,65.0,29.000000000000000,16.0,25.0,11.0,13.0,64.0,,inf,25.0,67.0,13.0,12.0,8.0,29.000000000000000,,inf,23.0,65.0,24.0,19.0,15.0,46.0,inf,60.0,35.0,22.0,18.0,inf,20.0,20.0,14.000000000000000,inf,31.0,33.0,24.0,inf,29.000000000000000,2021,3,29100,26564,2536,8.7,6.7
2021-03,Wellesley,,,,23.0,53.0,,68.0,62.0,72.0,1.0,,,,6.0,17.0,,21.0,54.0,82.0,2.0,,,,16.0,34.0,,51.0,79.0,94.0,33.0,,25.0,19.0,18.0,93.0,,inf,41.0,,9.0,14.000000000000000,6.0,34.0,,inf,20.0,,16.0,24.0,13.0,58.00000000000000,inf,97.0,35.0,38.0,39.0,,,20.0,17.0,inf,54.0,33.0,32.0,inf,33.0,2021,3,13134,12553,581,4.4,6.7
2021-04,Chelsea,,,,12.0,22.0,,39.0,60.0,61.0,1.0,,,,22.0,31.0,,48.0,77.0,79.0,7.000000000000000,,,,44.0,62.0,,81.0,91.0,89.0,50.0,9.0,50.0,13.0,14.000000000000000,49.0,,inf,40.0,51.0,52.0,19.0,17.0,33.0,,inf,49.0,57.00000000000000,91.0,30.0,36.0,48.0,inf,98.0,68.0,24.0,19.0,,21.0,33.0,25.0,inf,48.0,55.00000000000000,46.0,inf,50.0,2021,4,20384,18898,1486,7.3,6.0
2021-04,New Bedford,,,,5.0,12.0,,25.0,43.0,42.0,1.0,,,,10.0,19.0,,33.0,58.00000000000000,59.0,3.0,,,,21.0,34.0,,54.0,72.0,72.0,34.0,5.0,13.0,13.0,7.000000000000000,14.000000000000000,22.0,inf,18.0,9.0,11.0,17.0,7.000000000000000,8.0,89.0,inf,24.0,17.0,29.000000000000000,28.000000000000000,17.0,13.0,inf,46.0,34.0,17.0,14.000000000000000,,23.0,25.0,18.0,inf,22.0,37.0,30.0,inf,34.0,2021,4,47692,43387,4305,9.0,6.0
2021-04,Newton,,,,27.0,56.00000000000000,,66.0,74.0,76.0,5.0,,,,28.000000000000000,49.0,,64.0,90.0,90.0,14.000000000000000,,,,55.00000000000000,85.0,,93.0,99.0,100.0,66.0,23.0,35.0,31.0,24.0,87.0,,inf,46.0,48.0,29.000000000000000,40.0,24.0,57.00000000000000,,inf,46.0,67.0,51.0,58.00000000000000,41.0,91.0,inf,66.0,64.0,46.0,42.0,inf,44.0,48.0,41.0,inf,45.0,68.0,63.0,inf,66.0,2021,4,46698,44929,1769,3.8,6.0
2021-04,Revere,,,,12.0,19.0,,29.000000000000000,47.0,42.0,2.0,,,,23.0,31.0,,44.0,67.0,59.0,6.0,,,,45.0,56.00000000000000,,64.0,77.0,69.0,48.0,16.0,25.0,11.0,13.0,64.0,,inf,25.0,67.0,28.000000000000000,20.0,18.0,54.0,,inf,37.0,65.0,50.0,31.0,34.0,76.0,inf,60.0,49.0,22.0,18.0,inf,20.0,35.0,28.000000000000000,inf,31.0,51.0,44.0,inf,48.0,2021,4,28777,26597,2180,7.6,6.0
2021-04,Wellesley,,,,23.0,53.0,,68.0,62.0,72.0,4.0,,,,20.0,41.0,,59.0,74.0,88.0,14.000000000000000,,,,49.0,77.0,,92.0,82.0,96.0,57.00000000000000,,25.0,19.0,18.0,93.0,,inf,41.0,,19.0,28.000000000000000,16.0,72.0,,inf,38.0,,40.0,49.0,29.000000000000000,93.0,inf,97.0,58.00000000000000,38.0,39.0,,,36.0,35.0,inf,54.0,57.00000000000000,58.00000000000000,inf,57.00000000000000,2021,4,13087,12568,519,4.0,6.0
2021-05,Chelsea,,0.0,7.000000000000000,12.0,22.0,,39.0,60.0,61.0,4.0,,43.0,38.0,43.0,60.0,,77.0,87.0,83.0,9.0,,31.0,64.0,62.0,81.0,,94.0,97.0,93.0,65.0,9.0,50.0,13.0,14.000000000000000,49.0,,inf,40.0,51.0,90.0,29.000000000000000,36.0,47.0,,inf,65.0,57.00000000000000,99.0,39.0,49.0,62.0,inf,98.0,78.0,24.0,19.0,,21.0,53.0,44.0,inf,48.0,69.0,60.0,inf,65.0,2021,5,20376,18886,1490,7.3,5.7
2021-05,New Bedford,,0.0,3.0,5.0,12.0,,25.0,43.0,42.0,2.0,,14.000000000000000,15.0,20.0,33.0,,51.0,68.0,65.0,4.0,,8.0,24.0,30.0,45.0,,64.0,78.0,76.0,42.0,5.0,13.0,13.0,7.000000000000000,14.000000000000000,22.0,inf,18.0,16.0,31.0,27.0,15.0,13.0,89.0,inf,34.0,23.0,42.0,38.0,24.0,16.0,inf,46.0,41.0,17.0,14.000000000000000,,23.0,34.0,29.000000000000000,inf,32.0,44.0,38.0,inf,42.0,2021,5,47649,43652,3997,8.4,5.7
2021-05,Newton,,1.0,21.0,27.0,56.00000000000000,,66.0,74.0,76.0,9.0,,77.0,42.0,53.0,82.0,,89.0,94.0,93.0,18.0,,64.0,57.00000000000000,66.0,96.0,,99.0,,,77.0,23.0,35.0,31.0,24.0,87.0,,inf,46.0,53.0,50.0,57.00000000000000,40.0,90.0,,inf,62.0,77.0,62.0,70.0,51.0,100.0,inf,77.0,73.0,46.0,42.0,inf,44.0,65.0,61.0,inf,63.0,77.0,74.0,inf,77.0,2021,5,46642,44902,1740,3.7,5.7
2021-05,Revere,,0.0,7.000000000000000,12.0,19.0,,29.000000000000000,47.0,42.0,4.0,,42.0,34.0,46.0,56.00000000000000,,62.0,73.0,62.0,10.0,,27.0,56.00000000000000,64.0,73.0,,74.0,81.0,71.0,60.0,16.0,25.0,11.0,13.0,64.0,,inf,25.0,67.0,51.0,31.0,35.0,79.0,,inf,48.0,65.0,64.0,40.0,47.0,97.0,inf,60.0,57.00000000000000,22.0,18.0,inf,20.0,50.0,44.0,inf,47.0,63.0,57.00000000000000,inf,60.0,2021,5,28627,26580,2047,7.2,5.7
2021-05,Wellesley,,0.0,20.0,23.0,53.0,,68.0,62.0,72.0,9.0,,77.0,39.0,43.0,75.0,,89.0,76.0,89.0,18.0,,55.00000000000000,55.00000000000000,57.00000000000000,87.0,,98.0,83.0,97.0,66.0,,25.0,19.0,18.0,93.0,,inf,41.0,,37.0,45.0,28.000000000000000,82.0,,inf,55.00000000000000,,48.0,61.0,36.0,,inf,97.0,66.0,38.0,39.0,,,53.0,55.00000000000000,inf,54.0,65.0,68.0,inf,66.0,2021,5,13097,12561,536,4.1,5.7
2021-06,Chelsea,,0.0,7.000000000000000,12.0,22.0,,39.0,60.0,61.0,,,43.0,65.0,60.0,78.0,,89.0,92.0,86.0,,,60.0,82.0,74.0,92.0,,100.0,100.0,96.0,74.0,9.0,50.0,13.0,14.000000000000000,49.0,,inf,40.0,51.0,97.0,37.0,50.0,65.0,,inf,75.0,57.00000000000000,100.0,45.0,57.00000000000000,71.0,inf,98.0,83.0,24.0,19.0,,21.0,67.0,59.0,inf,63.0,78.0,70.0,inf,74.0,2021,6,20680,19061,1619,7.8,6.1
2021-06,New Bedford,,0.0,3.0,5.0,12.0,,25.0,43.0,42.0,,,14.000000000000000,26.0,29.000000000000000,43.0,,60.0,72.0,70.0,,,21.0,33.0,36.0,51.0,,69.0,80.0,78.0,47.0,5.0,13.0,13.0,7.000000000000000,14.000000000000000,22.0,inf,18.0,21.0,43.0,36.0,24.0,17.0,89.0,inf,40.0,28.000000000000000,48.0,44.0,31.0,19.0,inf,46.0,44.0,17.0,14.000000000000000,,23.0,42.0,37.0,inf,40.0,49.0,44.0,inf,47.0,2021,6,48322,44076,4246,8.8,6.1
2021-06,Newton,,1.0,21.0,27.0,56.00000000000000,,66.0,74.0,76.0,,,77.0,53.0,62.0,92.0,,94.0,96.0,94.0,,,92.0,61.0,70.0,100.0,,100.0,,,80.0,23.0,35.0,31.0,24.0,87.0,,inf,46.0,67.0,62.0,69.0,50.0,93.0,,inf,70.0,81.0,67.0,76.0,56.00000000000000,,inf,80.0,75.0,46.0,42.0,inf,44.0,74.0,72.0,inf,73.0,81.0,79.0,inf,80.0,2021,6,47351,45317,2034,4.3,6.1
2021-06,Revere,,0.0,7.000000000000000,12.0,19.0,,29.000000000000000,47.0,42.0,,,42.0,57.00000000000000,63.0,72.0,,71.0,77.0,63.0,,,56.00000000000000,68.0,74.0,81.0,,79.0,83.0,72.0,67.0,16.0,25.0,11.0,13.0,64.0,,inf,25.0,67.0,63.0,40.0,48.0,99.0,,inf,55.00000000000000,71.0,69.0,46.0,55.00000000000000,97.0,inf,67.0,61.0,22.0,18.0,inf,20.0,61.0,56.00000000000000,inf,59.0,70.0,64.0,inf,67.0,2021,6,29085,26826,2259,7.8,6.1
2021-06,Wellesley,,0.0,20.0,23.0,53.0,,68.0,62.0,72.0,,,77.0,52.0,51.0,83.0,,94.0,77.0,91.0,,,93.0,60.0,60.0,89.0,,100.0,84.0,97.0,71.0,,25.0,19.0,18.0,93.0,,inf,41.0,,47.0,56.00000000000000,35.0,,,inf,64.0,,52.0,63.0,39.0,,inf,97.0,69.0,38.0,39.0,,,63.0,66.0,inf,64.0,68.0,73.0,inf,71.0,2021,6,13290,12677,613,4.6,6.1
2021-07,Chelsea,,0.0,7.000000000000000,12.0,22.0,,39.0,60.0,61.0,,,55.00000000000000,71.0,65.0,82.0,,92.0,94.0,87.0,,,73.0,89.0,78.0,96.0,,,,97.0,77.0,9.0,50.0,13.0,14.000000000000000,49.0,,inf,40.0,51.0,97.0,40.0,53.0,70.0,,inf,78.0,57.00000000000000,100.0,47.0,60.0,76.0,inf,98.0,85.0,24.0,19.0,,21.0,70.0,62.0,inf,66.0,82.0,73.0,inf,77.0,2021,7,20598,19194,1404,6.8,5.7
2021-07,New Bedford,,0.0,3.0,5.0,12.0,,25.0,43.0,42.0,,,19.0,31.0,32.0,46.0,,63.0,74.0,71.0,,,28.000000000000000,38.0,39.0,55.00000000000000,,72.0,81.0,79.0,49.0,5.0,13.0,13.0,7.000000000000000,14.000000000000000,22.0,inf,18.0,23.0,46.0,39.0,28.000000000000000,19.0,89.0,inf,41.0,30.0,50.0,47.0,36.0,21.0,inf,49.0,45.0,17.0,14.000000000000000,,23.0,44.0,40.0,inf,42.0,51.0,46.0,inf,49.0,2021,7,47938,44015,3923,8.2,5.7
2021-07,Newton,,1.0,21.0,27.0,56.00000000000000,,66.0,74.0,76.0,,,83.0,55.00000000000000,64.0,94.0,,95.0,96.0,95.0,,,96.0,62.0,71.0,100.0,,,,,81.0,23.0,35.0,31.0,24.0,87.0,,inf,46.0,67.0,64.0,71.0,51.0,,,inf,71.0,81.0,68.0,79.0,58.00000000000000,,inf,81.0,76.0,46.0,42.0,inf,44.0,75.0,73.0,inf,74.0,82.0,80.0,inf,81.0,2021,7,47712,45633,2079,4.4,5.7
2021-07,Revere,,0.0,7.000000000000000,12.0,19.0,,29.000000000000000,47.0,42.0,,,52.0,62.0,67.0,75.0,,73.0,78.0,64.0,,,64.0,73.0,78.0,84.0,,80.0,85.0,73.0,70.0,16.0,25.0,11.0,13.0,64.0,,inf,25.0,69.0,65.0,42.0,51.0,99.0,,inf,57.00000000000000,73.0,71.0,48.0,58.00000000000000,97.0,inf,70.0,62.0,22.0,18.0,inf,20.0,64.0,59.0,inf,62.0,72.0,67.0,inf,70.0,2021,7,29042,27013,2029,7.0,5.7
2021-07,Wellesley,,0.0,20.0,23.0,53.0,,68.0,62.0,72.0,,,83.0,53.0,52.0,84.0,,95.0,78.0,92.0,,,96.0,61.0,60.0,90.0,,100.0,85.0,98.0,71.0,,25.0,19.0,18.0,93.0,,inf,41.0,,48.0,56.00000000000000,36.0,,,inf,65.0,,53.0,63.0,41.0,,inf,97.0,70.0,38.0,39.0,,,63.0,67.0,inf,65.0,69.0,74.0,inf,71.0,2021,7,13366,12765,601,4.5,5.7
2021-08,Chelsea,,0.0,7.000000000000000,12.0,22.0,,39.0,60.0,61.0,,,73.0,79.0,70.0,86.0,,94.0,95.0,88.0,,,91.0,97.0,85.0,99.0,,,,98.0,82.0,9.0,50.0,13.0,14.000000000000000,49.0,,inf,40.0,51.0,97.0,42.0,57.00000000000000,78.0,,inf,80.0,58.00000000000000,100.0,50.0,65.0,85.0,inf,98.0,88.0,24.0,19.0,,21.0,74.0,66.0,inf,70.0,86.0,77.0,inf,82.0,2021,8,20539,19275,1264,6.2,5.2
2021-08,New Bedford,,0.0,3.0,5.0,12.0,,25.0,43.0,42.0,,,26.0,35.0,36.0,50.0,,66.0,76.0,72.0,,,38.0,44.0,44.0,60.0,,75.0,83.0,80.0,53.0,5.0,13.0,13.0,7.000000000000000,14.000000000000000,22.0,inf,18.0,24.0,48.0,42.0,32.0,21.0,89.0,inf,43.0,33.0,53.0,51.0,41.0,24.0,inf,53.0,48.0,17.0,14.000000000000000,,23.0,47.0,43.0,inf,45.0,55.00000000000000,50.0,inf,53.0,2021,8,47418,43773,3645,7.7,5.2
2021-08,Newton,,1.0,21.0,27.0,56.00000000000000,,66.0,74.0,76.0,,,89.0,56.00000000000000,66.0,96.0,,97.0,97.0,96.0,,,99.0,63.0,73.0,100.0,,,,,83.0,23.0,35.0,31.0,24.0,87.0,,inf,46.0,67.0,65.0,74.0,54.0,,,inf,72.0,81.0,70.0,82.0,61.0,,inf,83.0,78.0,46.0,42.0,inf,44.0,77.0,75.0,inf,76.0,84.0,81.0,inf,83.0,2021,8,47601,45827,1774,3.7,5.2
2021-08,Revere,,0.0,7.000000000000000,12.0,19.0,,29.000000000000000,47.0,42.0,,,62.0,68.0,72.0,78.0,,75.0,80.0,65.0,,,75.0,80.0,84.0,88.0,,82.0,86.0,74.0,73.0,16.0,25.0,11.0,13.0,64.0,,inf,25.0,75.0,68.0,45.0,55.00000000000000,99.0,,inf,59.0,85.0,73.0,52.0,62.0,97.0,inf,73.0,65.0,22.0,18.0,inf,20.0,67.0,62.0,inf,65.0,76.0,70.0,inf,73.0,2021,8,28908,27128,1780,6.2,5.2
2021-08,Wellesley,,0.0,20.0,23.0,53.0,,68.0,62.0,72.0,,,90.0,55.00000000000000,52.0,85.0,,95.0,79.0,92.0,,,99.0,64.0,62.0,91.0,,,87.0,100.0,73.0,,25.0,19.0,18.0,93.0,,inf,41.0,,49.0,57.00000000000000,37.0,,,inf,66.0,,55.00000000000000,65.0,42.0,,inf,97.0,71.0,38.0,39.0,,,64.0,69.0,inf,66.0,70.0,75.0,inf,73.0,2021,8,13325,12820,505,3.8,5.2
2021-09,Chelsea,,0.0,7.000000000000000,12.0,22.0,,39.0,60.0,61.0,,,81.0,83.0,74.0,89.0,,96.0,99.0,92.0,,,95.0,99.0,89.0,99.0,,,,98.0,84.0,9.0,50.0,13.0,14.000000000000000,49.0,,inf,40.0,51.0,97.0,45.0,60.0,83.0,,inf,82.0,58.00000000000000,100.0,52.0,68.0,89.0,inf,98.0,90.0,24.0,19.0,,21.0,77.0,69.0,inf,73.0,89.0,80.0,inf,84.0,2021,9,20244,19077,1167,5.8,4.7
2021-09,New Bedford,,0.0,3.0,5.0,12.0,,25.0,43.0,42.0,,,33.0,40.0,39.0,53.0,,68.0,77.0,73.0,,,42.0,48.0,48.0,63.0,,77.0,85.0,81.0,55.00000000000000,5.0,13.0,13.0,7.000000000000000,14.000000000000000,22.0,inf,18.0,28.000000000000000,50.0,45.0,36.0,23.0,89.0,inf,45.0,36.0,54.0,54.0,45.0,25.0,inf,55.00000000000000,50.0,17.0,14.000000000000000,,23.0,50.0,45.0,inf,48.0,58.00000000000000,52.0,inf,55.00000000000000,2021,9,47110,43853,3257,6.9,4.7
2021-09,Newton,,1.0,21.0,27.0,56.00000000000000,,66.0,74.0,76.0,,,100.0,58.00000000000000,67.0,97.0,,98.0,98.0,97.0,,,,65.0,75.0,100.0,,,,,85.0,23.0,35.0,31.0,24.0,87.0,,inf,46.0,69.0,67.0,77.0,56.00000000000000,,,inf,73.0,83.0,72.0,85.0,64.0,,inf,85.0,80.0,46.0,42.0,inf,44.0,78.0,76.0,inf,78.0,86.0,84.0,inf,85.0,2021,9,46959,45355,1604,3.4,4.7
2021-09,Revere,,0.0,7.000000000000000,12.0,19.0,,29.000000000000000,47.0,42.0,,,69.0,71.0,76.0,81.0,,76.0,81.0,65.0,,,79.0,82.0,88.0,91.0,,84.0,87.0,74.0,75.0,16.0,25.0,11.0,13.0,64.0,,inf,25.0,78.0,69.0,48.0,57.00000000000000,99.0,,inf,61.0,91.0,74.0,55.00000000000000,64.0,97.0,inf,75.0,66.0,22.0,18.0,inf,20.0,69.0,64.0,inf,67.0,78.0,72.0,inf,75.0,2021,9,28496,26849,1647,5.8,4.7
2021-09,Wellesley,,0.0,20.0,23.0,53.0,,68.0,62.0,72.0,,,93.0,56.00000000000000,54.0,86.0,,96.0,79.0,92.0,,,99.0,65.0,64.0,93.0,,,89.0,100.0,74.0,,25.0,19.0,18.0,93.0,,inf,41.0,,51.0,57.00000000000000,38.0,,,inf,67.0,,58.00000000000000,65.0,43.0,,inf,97.0,73.0,38.0,39.0,,,65.0,70.0,inf,67.0,72.0,77.0,inf,74.0,2021,9,13165,12687,478,3.6,4.7
2021-10,Chelsea,,0.0,7.000000000000000,12.0,22.0,,39.0,60.0,61.0,,,84.0,85.0,77.0,91.0,,97.0,100.0,94.0,,,98.0,,92.0,99.0,,,,,86.0,9.0,50.0,13.0,14.000000000000000,49.0,,inf,40.0,51.0,97.0,46.0,62.0,91.0,,inf,83.0,58.00000000000000,100.0,54.0,70.0,98.0,inf,98.0,92.0,24.0,19.0,,21.0,78.0,71.0,inf,75.0,90.0,82.0,inf,86.0,2021,10,20278,19310,968,4.8,4.2
2021-10,New Bedford,,0.0,3.0,5.0,12.0,,25.0,43.0,42.0,,,36.0,43.0,42.0,56.00000000000000,,70.0,79.0,75.0,,,44.0,51.0,51.0,66.0,,79.0,87.0,83.0,57.00000000000000,5.0,13.0,13.0,7.000000000000000,14.000000000000000,22.0,inf,18.0,29.000000000000000,51.0,49.0,42.0,28.000000000000000,89.0,inf,47.0,36.0,55.00000000000000,58.00000000000000,51.0,31.0,inf,56.00000000000000,51.0,17.0,14.000000000000000,,23.0,52.0,47.0,inf,50.0,60.0,54.0,inf,57.00000000000000,2021,10,47029,44072,2957,6.3,4.2
2021-10,Newton,,1.0,21.0,27.0,56.00000000000000,,66.0,74.0,76.0,,,,58.00000000000000,68.0,98.0,,99.0,100.0,98.0,,,,65.0,75.0,100.0,,,,,87.0,23.0,35.0,31.0,24.0,87.0,,inf,46.0,69.0,68.0,78.0,58.00000000000000,,,inf,74.0,86.0,74.0,87.0,66.0,,inf,86.0,82.0,46.0,42.0,inf,44.0,79.0,77.0,inf,78.0,88.0,86.0,inf,87.0,2021,10,47477,45910,1567,3.3,4.2
2021-10,Revere,,0.0,7.000000000000000,12.0,19.0,,29.000000000000000,47.0,42.0,,,71.0,73.0,78.0,83.0,,78.0,81.0,66.0,,,81.0,84.0,91.0,93.0,,85.0,89.0,77.0,77.0,16.0,25.0,11.0,13.0,64.0,,inf,25.0,80.0,70.0,50.0,58.00000000000000,99.0,,inf,62.0,91.0,76.0,56.00000000000000,66.0,97.0,inf,76.0,68.0,22.0,18.0,inf,20.0,71.0,66.0,inf,68.0,79.0,74.0,inf,77.0,2021,10,28559,27177,1382,4.8,4.2
2021-10,Wellesley,,0.0,20.0,23.0,53.0,,68.0,62.0,72.0,,,95.0,57.00000000000000,54.0,87.0,,97.0,82.0,93.0,,,99.0,65.0,64.0,94.0,,,96.0,,76.0,,25.0,19.0,18.0,93.0,,inf,41.0,,52.0,57.00000000000000,38.0,,,inf,68.0,,59.0,65.0,44.0,,inf,97.0,75.0,38.0,39.0,,,66.0,70.0,inf,68.0,74.0,78.0,inf,76.0,2021,10,13306,12843,463,3.5,4.2
2021-11,Chelsea,,0.0,7.000000000000000,12.0,22.0,0.0,39.0,60.0,61.0,,,87.0,88.0,79.0,93.0,2.0,99.0,,97.0,,,99.0,,96.0,99.0,17.0,,,,91.0,9.0,50.0,13.0,14.000000000000000,49.0,,inf,40.0,51.0,97.0,48.0,64.0,99.0,,inf,86.0,58.00000000000000,100.0,58.00000000000000,74.0,98.0,inf,98.0,98.0,24.0,19.0,,21.0,80.0,73.0,inf,77.0,96.0,87.0,inf,91.0,2021,11,20358,19516,842,4.1,3.8
2021-11,New Bedford,,0.0,3.0,5.0,12.0,0.0,25.0,43.0,42.0,,,38.0,45.0,45.0,59.0,1.0,72.0,81.0,78.0,,,47.0,53.0,54.0,69.0,8.0,82.0,93.0,88.0,61.0,5.0,13.0,13.0,7.000000000000000,14.000000000000000,22.0,inf,18.0,30.0,51.0,52.0,44.0,33.0,89.0,inf,49.0,39.0,58.00000000000000,62.0,55.00000000000000,37.0,inf,68.0,55.00000000000000,17.0,14.000000000000000,,23.0,54.0,50.0,inf,52.0,63.0,58.00000000000000,inf,61.0,2021,11,47342,44522,2820,6.0,3.8
2021-11,Newton,,1.0,21.0,27.0,56.00000000000000,0.0,66.0,74.0,76.0,,,,58.00000000000000,68.0,99.0,11.0,100.0,,100.0,,,,65.0,79.0,100.0,64.0,,,,97.0,23.0,35.0,31.0,24.0,87.0,,inf,46.0,69.0,70.0,80.0,60.0,,,inf,77.0,100.0,82.0,93.0,72.0,,inf,,91.0,46.0,42.0,inf,44.0,81.0,80.0,inf,81.0,97.0,96.0,inf,97.0,2021,11,47743,46399,1344,2.8,3.8
2021-11,Revere,,0.0,7.000000000000000,12.0,19.0,0.0,29.000000000000000,47.0,42.0,,,73.0,75.0,81.0,85.0,1.0,79.0,83.0,68.0,,,84.0,85.0,94.0,96.0,15.0,88.0,95.0,80.0,81.0,16.0,25.0,11.0,13.0,64.0,,inf,25.0,80.0,71.0,52.0,60.0,99.0,,inf,64.0,93.0,80.0,59.0,69.0,97.0,inf,98.0,72.0,22.0,18.0,inf,20.0,72.0,68.0,inf,70.0,83.0,78.0,inf,81.0,2021,11,28672,27467,1205,4.2,3.8
2021-11,Wellesley,,0.0,20.0,23.0,53.0,0.0,68.0,62.0,72.0,,,97.0,57.00000000000000,56.00000000000000,87.0,7.000000000000000,98.0,84.0,95.0,,,99.0,67.0,68.0,98.0,61.0,,99.0,,85.0,,25.0,19.0,18.0,93.0,,inf,41.0,,54.0,57.00000000000000,40.0,,,inf,69.0,,67.0,68.0,51.0,,inf,97.0,84.0,38.0,39.0,,,67.0,72.0,inf,77.0,83.0,89.0,inf,85.0,2021,11,13397,12979,418,3.1,3.8
2021-12,Chelsea,,0.0,7.000000000000000,12.0,22.0,0.0,39.0,60.0,61.0,,,90.0,90.0,81.0,95.0,14.000000000000000,100.0,,98.0,,,,,99.0,99.0,34.0,,,,95.0,9.0,50.0,13.0,14.000000000000000,49.0,,inf,40.0,51.0,97.0,50.0,67.0,99.0,,inf,88.0,58.00000000000000,100.0,59.0,79.0,98.0,inf,98.0,100.0,24.0,19.0,,21.0,83.0,75.0,inf,79.0,99.0,91.0,inf,95.0,2021,12,20305,19464,841,4.1,3.6
2021-12,New Bedford,,0.0,3.0,5.0,12.0,0.0,25.0,43.0,42.0,,,40.0,47.0,47.0,61.0,9.0,74.0,83.0,78.0,,,49.0,55.00000000000000,56.00000000000000,71.0,15.0,84.0,93.0,89.0,63.0,5.0,13.0,13.0,7.000000000000000,14.000000000000000,22.0,inf,18.0,33.0,54.0,55.00000000000000,46.0,37.0,89.0,inf,51.0,43.0,61.0,65.0,57.00000000000000,41.0,inf,68.0,57.00000000000000,17.0,14.000000000000000,,23.0,56.00000000000000,52.0,inf,54.0,65.0,60.0,inf,63.0,2021,12,47088,44201,2887,6.1,3.6
2021-12,Newton,,1.0,21.0,27.0,56.00000000000000,0.0,66.0,74.0,76.0,,,,59.0,69.0,100.0,73.0,,,,,,,68.0,82.0,100.0,87.0,,,,99.0,23.0,35.0,31.0,24.0,87.0,,inf,46.0,70.0,76.0,84.0,64.0,,,inf,81.0,100.0,87.0,97.0,77.0,,inf,,92.0,46.0,42.0,inf,44.0,86.0,85.0,inf,86.0,100.0,98.0,inf,99.0,2021,12,47493,46276,1217,2.6,3.6
2021-12,Revere,,0.0,7.000000000000000,12.0,19.0,0.0,29.000000000000000,47.0,42.0,,,75.0,75.0,82.0,86.0,14.000000000000000,80.0,83.0,69.0,,,86.0,87.0,97.0,98.0,29.000000000000000,89.0,95.0,80.0,83.0,16.0,25.0,11.0,13.0,64.0,,inf,25.0,80.0,74.0,53.0,63.0,99.0,,inf,66.0,96.0,82.0,61.0,73.0,97.0,inf,98.0,73.0,22.0,18.0,inf,20.0,74.0,70.0,inf,72.0,85.0,80.0,inf,83.0,2021,12,28570,27394,1176,4.1,3.6
2021-12,Wellesley,,0.0,20.0,23.0,53.0,0.0,68.0,62.0,72.0,,,98.0,58.00000000000000,58.00000000000000,87.0,46.0,98.0,84.0,96.0,,,99.0,70.0,75.0,98.0,74.0,,99.0,,88.0,,25.0,19.0,18.0,93.0,,inf,41.0,,58.00000000000000,57.00000000000000,43.0,,,inf,73.0,,70.0,70.0,55.00000000000000,,inf,97.0,86.0,38.0,39.0,,,72.0,76.0,inf,77.0,85.0,91.0,inf,88.0,2021,12,13297,12945,352,2.6,3.6
2022-01,Chelsea,,5.0,16.0,18.0,28.000000000000000,0.0,46.0,63.0,62.0,,,90.0,90.0,81.0,95.0,23.0,100.0,,98.0,,,,,,99.0,43.0,,,,95.0,12.0,50.0,18.0,19.0,49.0,,inf,42.0,51.0,97.0,52.0,67.0,99.0,,inf,88.0,58.00000000000000,100.0,62.0,80.0,98.0,inf,98.0,100.0,29.000000000000000,23.0,,26.0,83.0,75.0,inf,79.0,100.0,91.0,inf,95.0,2022,1,20469,19409,1060,5.2,4.6
2022-01,New Bedford,,3.0,10.0,10.0,17.0,0.0,33.0,50.0,48.0,,,42.0,49.0,48.0,61.0,13.0,74.0,83.0,78.0,,,53.0,59.0,60.0,71.0,20.0,84.0,93.0,89.0,65.0,7.000000000000000,20.0,18.0,11.0,14.000000000000000,22.0,inf,23.0,36.0,55.00000000000000,57.00000000000000,47.0,37.0,89.0,inf,52.0,47.0,65.0,67.0,58.00000000000000,41.0,inf,68.0,58.00000000000000,22.0,19.0,,23.0,57.00000000000000,53.0,inf,55.00000000000000,67.0,62.0,inf,65.0,2022,1,47496,43601,3895,8.2,4.6
2022-01,Newton,,42.0,36.0,37.0,67.0,0.0,76.0,81.0,83.0,,,,60.0,70.0,100.0,80.0,,,,,,,70.0,86.0,100.0,91.0,,,,100.0,25.0,46.0,38.0,32.0,87.0,,inf,55.00000000000000,75.0,78.0,84.0,66.0,,,inf,82.0,100.0,89.0,97.0,81.0,,inf,,92.0,56.00000000000000,53.0,inf,55.00000000000000,88.0,87.0,inf,87.0,100.0,99.0,inf,100.0,2022,1,47545,46145,1400,2.9,4.6
2022-01,Revere,,4.0,17.0,21.0,27.0,0.0,40.0,55.00000000000000,47.0,,,75.0,76.0,84.0,86.0,24.0,81.0,84.0,69.0,,,87.0,90.0,98.0,98.0,38.0,91.0,95.0,80.0,84.0,16.0,35.0,18.0,19.0,64.0,,inf,32.0,80.0,74.0,54.0,65.0,99.0,,inf,67.0,96.0,83.0,63.0,78.0,97.0,inf,98.0,74.0,30.0,25.0,inf,27.0,74.0,70.0,inf,72.0,87.0,82.0,inf,84.0,2022,1,28904,27316,1588,5.5,4.6
2022-01,Wellesley,,33.0,35.0,30.0,60.0,0.0,75.0,67.0,78.0,,,100.0,59.0,59.0,87.0,69.0,98.0,84.0,96.0,,,99.0,73.0,80.0,98.0,82.0,,99.0,,89.0,,33.0,23.0,24.0,93.0,,inf,50.0,,62.0,57.00000000000000,45.0,,,inf,76.0,,74.0,70.0,59.0,,inf,97.0,86.0,47.0,49.0,,,74.0,79.0,inf,77.0,87.0,92.0,inf,89.0,2022,1,13316,12908,408,3.1,4.6
2022-02,Chelsea,,12.0,20.0,21.0,32.0,0.0,51.0,67.0,65.0,,,90.0,90.0,81.0,95.0,32.0,100.0,,98.0,,,,,,99.0,51.0,,,,97.0,13.0,50.0,21.0,23.0,49.0,,inf,44.0,51.0,97.0,54.0,68.0,99.0,,inf,88.0,58.00000000000000,100.0,64.0,82.0,98.0,inf,98.0,100.0,33.0,26.0,,30.0,83.0,75.0,inf,79.0,100.0,91.0,inf,97.0,2022,2,20578,19537,1041,5.1,4.3
2022-02,New Bedford,,5.0,12.0,12.0,19.0,0.0,36.0,53.0,52.0,,,45.0,51.0,51.0,62.0,17.0,74.0,84.0,78.0,,,55.00000000000000,61.0,63.0,73.0,23.0,84.0,94.0,89.0,66.0,8.0,22.0,20.0,14.000000000000000,14.000000000000000,22.0,inf,25.0,37.0,56.00000000000000,59.0,50.0,37.0,89.0,inf,53.0,49.0,67.0,69.0,61.0,41.0,inf,68.0,59.0,24.0,21.0,,23.0,59.0,54.0,inf,57.00000000000000,68.0,64.0,inf,66.0,2022,2,47643,43833,3810,8.0,4.3
2022-02,Newton,,52.0,38.0,39.0,69.0,0.0,78.0,82.0,84.0,,,,61.0,70.0,100.0,85.0,,,,,,,71.0,87.0,100.0,93.0,,,,,30.0,48.0,42.0,34.0,94.0,,inf,57.00000000000000,77.0,79.0,84.0,67.0,,,inf,83.0,100.0,90.0,97.0,83.0,,inf,,93.0,58.00000000000000,56.00000000000000,inf,57.00000000000000,88.0,88.0,inf,88.0,,100.0,inf,,2022,2,47634,46449,1185,2.5,4.3
2022-02,Revere,,9.0,22.0,26.0,32.0,0.0,44.0,58.00000000000000,50.0,,,78.0,79.0,86.0,86.0,32.0,82.0,84.0,70.0,,,90.0,93.0,,98.0,43.0,92.0,95.0,81.0,86.0,19.0,39.0,22.0,23.0,64.0,,inf,35.0,80.0,74.0,56.00000000000000,68.0,99.0,,inf,68.0,96.0,85.0,64.0,80.0,97.0,inf,98.0,75.0,34.0,28.000000000000000,inf,31.0,76.0,72.0,inf,74.0,89.0,84.0,inf,86.0,2022,2,28968,27496,1472,5.1,4.3
2022-02,Wellesley,,44.0,37.0,32.0,62.0,0.0,77.0,68.0,79.0,,,100.0,60.0,59.0,87.0,73.0,98.0,84.0,96.0,,,99.0,75.0,82.0,98.0,83.0,,99.0,,90.0,,35.0,25.0,25.0,93.0,,inf,51.0,,63.0,57.00000000000000,46.0,,,inf,76.0,,76.0,70.0,61.0,,inf,97.0,86.0,49.0,50.0,,,75.0,80.0,inf,77.0,88.0,93.0,inf,90.0,2022,2,13341,12994,347,2.6,4.3
2022-03,Chelsea,,16.0,24.0,24.0,35.0,0.0,54.0,69.0,66.0,,,97.0,91.0,82.0,95.0,39.0,100.0,,98.0,,,,,,99.0,56.00000000000000,,,,97.0,15.0,50.0,23.0,25.0,49.0,,inf,46.0,51.0,97.0,55.00000000000000,69.0,99.0,,inf,88.0,58.00000000000000,100.0,65.0,84.0,98.0,inf,98.0,100.0,36.0,28.000000000000000,,32.0,83.0,75.0,inf,79.0,100.0,91.0,inf,97.0,2022,3,20569,19643,926,4.5,3.9
2022-03,New Bedford,,6.0,14.000000000000000,13.0,21.0,0.0,38.0,55.00000000000000,55.00000000000000,,,47.0,53.0,52.0,63.0,19.0,75.0,84.0,78.0,,,56.00000000000000,63.0,64.0,73.0,25.0,84.0,94.0,89.0,67.0,10.0,24.0,23.0,16.0,14.000000000000000,22.0,inf,26.0,39.0,56.00000000000000,61.0,52.0,37.0,89.0,inf,53.0,50.0,67.0,71.0,64.0,41.0,inf,68.0,59.0,26.0,22.0,,24.0,60.0,55.00000000000000,inf,58.00000000000000,69.0,64.0,inf,67.0,2022,3,47514,44171,3343,7.0,3.9
2022-03,Newton,,56.00000000000000,40.0,40.0,71.0,0.0,79.0,83.0,86.0,,,,61.0,70.0,100.0,87.0,,,,,,,71.0,88.0,100.0,94.0,,,,,30.0,50.0,44.0,35.0,94.0,,inf,58.00000000000000,78.0,80.0,84.0,68.0,,,inf,83.0,100.0,90.0,97.0,83.0,,inf,,93.0,59.0,57.00000000000000,inf,58.00000000000000,89.0,88.0,inf,88.0,,100.0,inf,,2022,3,47879,46702,1177,2.5,3.9
2022-03,Revere,,12.0,26.0,28.000000000000000,35.0,0.0,47.0,61.0,51.0,,,80.0,80.0,87.0,86.0,36.0,82.0,84.0,70.0,,,91.0,94.0,,98.0,46.0,92.0,95.0,81.0,87.0,19.0,40.0,25.0,26.0,64.0,,inf,37.0,80.0,75.0,57.00000000000000,69.0,99.0,,inf,69.0,96.0,85.0,65.0,81.0,97.0,inf,98.0,76.0,37.0,30.0,inf,34.0,77.0,73.0,inf,75.0,89.0,84.0,inf,87.0,2022,3,28959,27646,1313,4.5,3.9
2022-03,Wellesley,,48.0,39.0,33.0,63.0,0.0,77.0,69.0,80.0,,,100.0,60.0,59.0,87.0,74.0,98.0,84.0,96.0,,,99.0,76.0,82.0,98.0,83.0,,99.0,,90.0,,36.0,27.0,25.0,93.0,,inf,52.0,,63.0,57.00000000000000,47.0,,,inf,76.0,,77.0,70.0,61.0,,inf,97.0,86.0,50.0,51.0,,,75.0,80.0,inf,77.0,88.0,93.0,inf,90.0,2022,3,13417,13064,353,2.6,3.9
2022-04,Chelsea,,18.0,25.0,24.0,36.0,0.0,55.00000000000000,71.0,68.0,,,97.0,91.0,82.0,95.0,41.0,100.0,,98.0,,,,,,99.0,58.00000000000000,,,,97.0,16.0,50.0,24.0,26.0,49.0,,inf,47.0,51.0,97.0,55.00000000000000,70.0,99.0,,inf,88.0,58.00000000000000,100.0,65.0,85.0,98.0,inf,98.0,100.0,37.0,29.000000000000000,,33.0,83.0,75.0,inf,79.0,100.0,93.0,inf,97.0,2022,4,20281,19486,795,3.9,3.5
2022-04,New Bedford,,7.000000000000000,15.0,14.000000000000000,21.0,0.0,39.0,56.00000000000000,56.00000000000000,,,48.0,54.0,53.0,63.0,20.0,75.0,84.0,78.0,,,57.00000000000000,64.0,64.0,73.0,26.0,84.0,94.0,89.0,67.0,11.0,25.0,24.0,16.0,14.000000000000000,22.0,inf,27.0,39.0,56.00000000000000,62.0,53.0,37.0,89.0,inf,54.0,50.0,67.0,71.0,64.0,41.0,inf,68.0,59.0,27.0,22.0,,,60.0,56.00000000000000,inf,58.00000000000000,69.0,65.0,inf,67.0,2022,4,46676,44091,2585,5.5,3.5
2022-04,Newton,,59.0,40.0,41.0,72.0,0.0,81.0,86.0,89.0,,,,61.0,70.0,100.0,87.0,,,,,,,71.0,88.0,100.0,95.0,,,,,30.0,51.0,45.0,36.0,94.0,,inf,60.0,78.0,80.0,84.0,68.0,,,inf,84.0,100.0,91.0,97.0,83.0,,inf,,93.0,61.0,58.00000000000000,inf,60.0,89.0,89.0,inf,89.0,,100.0,inf,,2022,4,47441,46329,1112,2.3,3.5
2022-04,Revere,,14.000000000000000,27.0,30.0,36.0,0.0,48.0,62.0,53.0,,,81.0,81.0,88.0,86.0,38.0,82.0,85.0,70.0,,,92.0,95.0,,98.0,47.0,92.0,95.0,81.0,87.0,19.0,41.0,26.0,27.0,64.0,,inf,38.0,80.0,75.0,58.00000000000000,70.0,99.0,,inf,69.0,96.0,85.0,66.0,82.0,97.0,inf,98.0,76.0,38.0,31.0,inf,35.0,77.0,73.0,inf,75.0,90.0,85.0,inf,87.0,2022,4,28574,27425,1149,4.0,3.5
2022-04,Wellesley,,49.0,39.0,33.0,63.0,0.0,79.0,72.0,82.0,,,100.0,60.0,59.0,87.0,74.0,98.0,86.0,96.0,,,99.0,76.0,82.0,98.0,84.0,,99.0,,90.0,,37.0,28.000000000000000,26.0,93.0,,inf,53.0,,63.0,57.00000000000000,47.0,,,inf,77.0,,77.0,70.0,62.0,,inf,97.0,87.0,51.0,52.0,,,76.0,81.0,,,88.0,93.0,inf,90.0,2022,4,13314,12960,354,2.7,3.5
2022-05,Chelsea,,21.0,28.000000000000000,26.0,37.0,0.0,57.00000000000000,72.0,71.0,,,97.0,92.0,83.0,95.0,43.0,100.0,,98.0,,,,,,99.0,61.0,,,,97.0,17.0,50.0,25.0,27.0,49.0,,inf,48.0,51.0,97.0,56.00000000000000,70.0,99.0,,inf,88.0,58.00000000000000,100.0,66.0,85.0,98.0,inf,98.0,100.0,39.0,30.0,,34.0,83.0,75.0,inf,79.0,100.0,93.0,inf,97.0,2022,5,20212,19427,785,3.9,3.6
2022-05,New Bedford,,8.0,16.0,14.000000000000000,22.0,0.0,40.0,57.00000000000000,57.00000000000000,,,48.0,54.0,53.0,63.0,21.0,75.0,85.0,78.0,,,57.00000000000000,64.0,65.0,74.0,27.0,84.0,94.0,89.0,68.0,12.0,25.0,25.0,17.0,14.000000000000000,22.0,inf,27.0,39.0,56.00000000000000,62.0,54.0,37.0,89.0,inf,54.0,50.0,67.0,72.0,65.0,41.0,inf,68.0,59.0,28.000000000000000,23.0,,,61.0,56.00000000000000,inf,59.0,70.0,65.0,inf,68.0,2022,5,46732,44171,2561,5.5,3.6
2022-05,Newton,,62.0,41.0,42.0,73.0,5.0,82.0,88.0,91.0,,,,61.0,71.0,100.0,88.0,,,,,,,71.0,88.0,100.0,96.0,,,,,30.0,52.0,46.0,38.0,94.0,,inf,61.0,78.0,81.0,84.0,69.0,,,inf,84.0,100.0,91.0,97.0,84.0,,inf,,93.0,62.0,60.0,inf,61.0,90.0,89.0,inf,90.0,,,inf,,2022,5,47479,46188,1291,2.7,3.6
2022-05,Revere,,15.0,30.0,31.0,37.0,0.0,50.0,63.0,55.00000000000000,,,82.0,82.0,88.0,87.0,39.0,82.0,85.0,71.0,,,94.0,95.0,,98.0,49.0,93.0,95.0,83.0,88.0,19.0,42.0,27.0,28.000000000000000,64.0,,inf,39.0,80.0,75.0,59.0,70.0,99.0,,inf,69.0,96.0,86.0,66.0,82.0,97.0,inf,98.0,77.0,39.0,32.0,inf,36.0,78.0,74.0,inf,76.0,90.0,85.0,inf,88.0,2022,5,28524,27342,1182,4.1,3.6
2022-05,Wellesley,,52.0,40.0,34.0,64.0,3.0,80.0,73.0,85.0,,,100.0,60.0,59.0,87.0,75.0,98.0,87.0,97.0,,,99.0,76.0,82.0,98.0,85.0,,99.0,,91.0,,38.0,29.000000000000000,27.0,93.0,,inf,54.0,,64.0,57.00000000000000,48.0,,,inf,77.0,,78.0,70.0,62.0,,inf,97.0,87.0,52.0,54.0,,,76.0,81.0,,,88.0,94.0,inf,91.0,2022,5,13316,12920,396,3.0,3.6
2022-06,Chelsea,0.0,23.0,31.0,27.0,38.0,2.0,58.00000000000000,74.0,73.0,,0.0,97.0,93.0,83.0,95.0,45.0,100.0,,98.0,,1.0,,,,99.0,62.0,,,,97.0,17.0,50.0,26.0,28.000000000000000,49.0,,inf,49.0,51.0,97.0,56.00000000000000,71.0,99.0,,inf,88.0,58.00000000000000,100.0,66.0,86.0,98.0,inf,98.0,100.0,40.0,31.0,,35.0,83.0,75.0,inf,79.0,100.0,93.0,inf,97.0,2022,6,20428,19578,850,4.2,3.9
2022-06,New Bedford,0.0,8.0,16.0,14.000000000000000,22.0,1.0,40.0,58.00000000000000,57.00000000000000,,0.0,49.0,55.00000000000000,54.0,63.0,22.0,75.0,85.0,78.0,,0.0,58.00000000000000,65.0,65.0,74.0,27.0,84.0,94.0,89.0,68.0,12.0,25.0,25.0,18.0,14.000000000000000,22.0,inf,28.000000000000000,39.0,56.00000000000000,63.0,54.0,37.0,89.0,inf,54.0,50.0,67.0,72.0,65.0,41.0,inf,68.0,59.0,28.000000000000000,23.0,,,61.0,56.00000000000000,inf,59.0,70.0,65.0,inf,68.0,2022,6,47731,44932,2799,5.9,3.9
2022-06,Newton,0.0,66.0,41.0,42.0,73.0,20.0,83.0,88.0,92.0,,7.000000000000000,,61.0,71.0,100.0,89.0,,,,,9.0,,71.0,88.0,100.0,97.0,,,,,31.0,54.0,48.0,39.0,94.0,,inf,63.0,80.0,81.0,84.0,69.0,,,inf,84.0,100.0,92.0,97.0,84.0,,inf,,94.0,64.0,62.0,inf,63.0,90.0,89.0,inf,90.0,,,inf,,2022,6,48072,46548,1524,3.2,3.9
2022-06,Revere,0.0,17.0,31.0,32.0,38.0,1.0,51.0,64.0,56.00000000000000,,0.0,83.0,82.0,88.0,87.0,40.0,83.0,85.0,72.0,,0.0,95.0,96.0,,98.0,50.0,93.0,95.0,83.0,88.0,21.0,43.0,28.000000000000000,29.000000000000000,64.0,,inf,40.0,80.0,76.0,59.0,70.0,99.0,,inf,69.0,96.0,87.0,67.0,83.0,97.0,inf,98.0,77.0,40.0,33.0,inf,37.0,78.0,74.0,inf,76.0,91.0,86.0,inf,88.0,2022,6,28826,27555,1271,4.4,3.9
2022-06,Wellesley,0.0,56.00000000000000,41.0,34.0,64.0,12.0,81.0,74.0,85.0,,5.0,100.0,60.0,59.0,88.0,76.0,99.0,87.0,98.0,,6.0,99.0,76.0,82.0,99.0,86.0,,99.0,,91.0,,40.0,30.0,28.000000000000000,93.0,,inf,56.00000000000000,,65.0,57.00000000000000,49.0,,,inf,77.0,,79.0,70.0,63.0,,inf,97.0,87.0,53.0,55.00000000000000,,,76.0,82.0,,,89.0,94.0,inf,91.0,2022,6,13490,13021,469,3.5,3.9
2022-07,Chelsea,0.0,25.0,32.0,28.000000000000000,38.0,4.0,59.0,75.0,74.0,,0.0,97.0,93.0,83.0,95.0,46.0,100.0,,98.0,,4.0,,,,99.0,64.0,,,,97.0,19.0,50.0,26.0,29.000000000000000,49.0,,inf,50.0,51.0,97.0,56.00000000000000,71.0,99.0,,inf,88.0,58.00000000000000,100.0,66.0,86.0,98.0,inf,98.0,100.0,41.0,32.0,,36.0,83.0,76.0,inf,79.0,100.0,93.0,inf,97.0,2022,7,20470,19624,846,4.1,3.9
2022-07,New Bedford,0.0,9.0,17.0,15.0,22.0,1.0,40.0,58.00000000000000,57.00000000000000,,0.0,49.0,55.00000000000000,54.0,64.0,22.0,76.0,85.0,78.0,,2.0,58.00000000000000,66.0,66.0,74.0,27.0,84.0,94.0,89.0,68.0,12.0,25.0,26.0,18.0,14.000000000000000,22.0,inf,28.000000000000000,39.0,57.00000000000000,63.0,55.00000000000000,37.0,89.0,inf,54.0,50.0,67.0,72.0,66.0,41.0,inf,68.0,59.0,29.000000000000000,24.0,,,61.0,57.00000000000000,inf,59.0,70.0,66.0,inf,68.0,2022,7,47364,44612,2752,5.8,3.9
2022-07,Newton,0.0,68.0,42.0,42.0,73.0,25.0,83.0,89.0,92.0,,7.000000000000000,,61.0,71.0,100.0,90.0,,,,,26.0,,71.0,88.0,100.0,99.0,,,,,33.0,56.00000000000000,49.0,40.0,94.0,,inf,63.0,80.0,82.0,84.0,70.0,,,inf,85.0,100.0,94.0,97.0,84.0,,inf,,95.0,65.0,63.0,inf,64.0,91.0,90.0,inf,91.0,,,inf,,2022,7,48128,46657,1471,3.1,3.9
2022-07,Revere,0.0,20.0,33.0,32.0,38.0,3.0,51.0,65.0,56.00000000000000,,0.0,83.0,83.0,89.0,87.0,41.0,83.0,85.0,72.0,,3.0,95.0,96.0,,98.0,51.0,93.0,95.0,83.0,89.0,21.0,44.0,29.000000000000000,30.0,64.0,,inf,40.0,80.0,76.0,59.0,71.0,99.0,,inf,70.0,96.0,87.0,67.0,83.0,97.0,inf,98.0,77.0,41.0,34.0,inf,38.0,78.0,74.0,inf,76.0,91.0,86.0,inf,89.0,2022,7,28824,27620,1204,4.2,3.9
2022-07,Wellesley,0.0,58.00000000000000,42.0,35.0,64.0,16.0,81.0,75.0,86.0,,5.0,100.0,61.0,59.0,88.0,77.0,99.0,87.0,98.0,,20.0,99.0,76.0,82.0,99.0,87.0,,99.0,,93.0,,41.0,31.0,29.000000000000000,93.0,,inf,56.00000000000000,,65.0,57.00000000000000,49.0,,,inf,78.0,,79.0,70.0,63.0,,inf,97.0,88.0,54.0,56.00000000000000,,,77.0,82.0,,,90.0,96.0,inf,93.0,2022,7,13492,13052,440,3.3,3.9
2022-08,Chelsea,0.0,29.000000000000000,35.0,28.000000000000000,39.0,6.0,61.0,77.0,75.0,,1.0,98.0,93.0,84.0,95.0,48.0,100.0,,98.0,,8.0,,,,99.0,66.0,,,,97.0,19.0,50.0,28.000000000000000,31.0,49.0,,,50.0,51.0,97.0,57.00000000000000,72.0,99.0,,,88.0,58.00000000000000,,67.0,87.0,98.0,,98.0,100.0,43.0,33.0,,,83.0,76.0,,85.0,,93.0,,,2022,8,20467,19633,834,4.1,3.9
2022-08,New Bedford,0.0,10.0,18.0,15.0,23.0,2.0,41.0,58.00000000000000,58.00000000000000,,0.0,49.0,56.00000000000000,55.00000000000000,64.0,23.0,76.0,85.0,79.0,,3.0,58.00000000000000,66.0,66.0,74.0,28.000000000000000,85.0,95.0,89.0,68.0,12.0,26.0,27.0,19.0,14.000000000000000,22.0,,28.000000000000000,41.0,57.00000000000000,,56.00000000000000,37.0,89.0,,54.0,51.0,67.0,,67.0,41.0,,72.0,60.0,29.000000000000000,24.0,,,61.0,57.00000000000000,,64.0,71.0,66.0,,72.0,2022,8,47148,44346,2802,5.9,3.9
2022-08,Newton,0.0,70.0,43.0,42.0,74.0,31.0,84.0,89.0,93.0,,16.0,,61.0,71.0,100.0,91.0,,,,,35.0,,72.0,88.0,100.0,100.0,,,,,36.0,57.00000000000000,49.0,41.0,96.0,,,64.0,80.0,83.0,85.0,70.0,,,,85.0,,95.0,97.0,,,,,95.0,66.0,64.0,,65.0,91.0,91.0,,,,,,,2022,8,48167,46679,1488,3.1,3.9
2022-08,Revere,0.0,22.0,35.0,33.0,39.0,5.0,52.0,65.0,56.00000000000000,,1.0,83.0,83.0,89.0,87.0,43.0,83.0,86.0,72.0,,7.000000000000000,96.0,97.0,,98.0,53.0,93.0,95.0,83.0,89.0,22.0,45.0,29.000000000000000,31.0,64.0,,,41.0,80.0,76.0,60.0,71.0,99.0,,,70.0,96.0,88.0,68.0,84.0,97.0,,98.0,77.0,42.0,35.0,,,79.0,74.0,,81.0,92.0,87.0,,94.0,2022,8,28797,27632,1165,4.0,3.9
2022-08,Wellesley,0.0,60.0,43.0,35.0,65.0,21.0,82.0,75.0,86.0,,9.0,100.0,61.0,59.0,88.0,78.0,100.0,88.0,98.0,,27.0,99.0,76.0,82.0,99.0,88.0,,99.0,,93.0,,42.0,31.0,29.000000000000000,95.0,,,57.00000000000000,,66.0,57.00000000000000,49.0,,,,78.0,,80.0,70.0,64.0,,,97.0,89.0,55.00000000000000,57.00000000000000,,,77.0,83.0,,,90.0,96.0,,,2022,8,13493,13058,435,3.2,3.9
2022-09,Chelsea,0.0,31.0,37.0,29.000000000000000,40.0,8.0,62.0,78.0,75.0,,1.0,99.0,95.0,84.0,95.0,50.0,100.0,,98.0,,10.0,,,,99.0,67.0,,,,97.0,21.0,50.0,29.000000000000000,32.0,49.0,,,51.0,51.0,97.0,58.00000000000000,73.0,99.0,,,88.0,58.00000000000000,,68.0,87.0,98.0,,98.0,100.0,44.0,34.0,,,84.0,76.0,,85.0,,93.0,,,2022,9,20097,19370,727,3.6,3.5
2022-09,New Bedford,0.0,10.0,18.0,16.0,23.0,2.0,41.0,59.0,59.0,,1.0,50.0,57.00000000000000,55.00000000000000,64.0,24.0,76.0,86.0,79.0,,4.0,58.00000000000000,67.0,66.0,74.0,28.000000000000000,85.0,95.0,89.0,68.0,13.0,26.0,27.0,20.0,14.000000000000000,26.0,,28.000000000000000,41.0,57.00000000000000,,56.00000000000000,37.0,93.0,,54.0,51.0,67.0,,67.0,41.0,,72.0,60.0,30.0,24.0,,,62.0,57.00000000000000,,64.0,71.0,66.0,,72.0,2022,9,46492,43965,2527,5.4,3.5
2022-09,Newton,0.0,72.0,43.0,43.0,75.0,34.0,85.0,91.0,94.0,,23.0,,61.0,71.0,100.0,92.0,,,,,39.0,,72.0,89.0,100.0,100.0,,,,,39.0,57.00000000000000,50.0,41.0,99.0,,,65.0,80.0,84.0,85.0,71.0,,,,86.0,,95.0,98.0,,,,,95.0,67.0,65.0,,,92.0,92.0,,,,,,,2022,9,47413,46052,1361,2.9,3.5
2022-09,Revere,0.0,24.0,37.0,34.0,40.0,6.0,53.0,66.0,57.00000000000000,,1.0,84.0,83.0,89.0,88.0,44.0,83.0,86.0,72.0,,9.0,96.0,97.0,,98.0,54.0,93.0,95.0,83.0,89.0,24.0,46.0,30.0,32.0,64.0,,,42.0,80.0,77.0,61.0,72.0,99.0,,,71.0,96.0,89.0,69.0,85.0,97.0,,98.0,78.0,43.0,35.0,,,79.0,75.0,,81.0,92.0,87.0,,94.0,2022,9,28354,27261,1093,3.9,3.5
2022-09,Wellesley,0.0,62.0,43.0,35.0,66.0,23.0,82.0,76.0,87.0,,16.0,100.0,61.0,60.0,89.0,79.0,100.0,88.0,98.0,,31.0,99.0,77.0,83.0,100.0,89.0,,99.0,,94.0,,43.0,32.0,30.0,97.0,,,58.00000000000000,,66.0,57.00000000000000,50.0,,,,79.0,,81.0,70.0,64.0,,,98.0,89.0,56.00000000000000,58.00000000000000,,,78.0,84.0,,,91.0,97.0,,,2022,9,13277,12882,395,3.0,3.5
2022-10,Chelsea,0.0,33.0,39.0,30.0,41.0,9.0,63.0,79.0,77.0,,2.0,99.0,95.0,84.0,95.0,51.0,100.0,,98.0,,12.0,,,,99.0,68.0,,,,98.0,23.0,50.0,29.000000000000000,33.0,49.0,,,52.0,51.0,97.0,58.00000000000000,73.0,99.0,,,88.0,59.0,,69.0,87.0,98.0,,98.0,100.0,45.0,35.0,,,85.0,77.0,,85.0,,94.0,,,2022,10,20236,19539,697,3.4,3.4
2022-10,New Bedford,0.0,11.0,18.0,16.0,24.0,3.0,42.0,61.0,60.0,,1.0,51.0,57.00000000000000,55.00000000000000,65.0,24.0,76.0,86.0,79.0,,4.0,58.00000000000000,67.0,67.0,75.0,29.000000000000000,85.0,95.0,89.0,69.0,13.0,26.0,28.000000000000000,20.0,14.000000000000000,28.000000000000000,,29.000000000000000,41.0,57.00000000000000,,57.00000000000000,37.0,94.0,,55.00000000000000,51.0,67.0,,67.0,41.0,,72.0,60.0,30.0,25.0,,,62.0,58.00000000000000,,64.0,71.0,66.0,,72.0,2022,10,46443,44043,2400,5.2,3.4
2022-10,Newton,0.0,74.0,44.0,44.0,76.0,35.0,86.0,93.0,96.0,,28.000000000000000,,62.0,72.0,100.0,93.0,,,,,42.0,,72.0,91.0,100.0,100.0,,,,,39.0,58.00000000000000,51.0,42.0,,,,67.0,80.0,85.0,86.0,71.0,,,,87.0,,97.0,98.0,,,,,,68.0,66.0,,,93.0,93.0,,,,,,,2022,10,47798,46455,1343,2.8,3.4
2022-10,Revere,0.0,26.0,38.0,35.0,41.0,6.0,54.0,67.0,58.00000000000000,,2.0,84.0,84.0,90.0,88.0,44.0,84.0,86.0,72.0,,10.0,96.0,98.0,,98.0,55.00000000000000,94.0,96.0,83.0,90.0,24.0,47.0,31.0,33.0,64.0,,,42.0,80.0,78.0,61.0,72.0,99.0,,,71.0,96.0,90.0,70.0,85.0,97.0,,98.0,78.0,44.0,36.0,,,80.0,75.0,,81.0,93.0,87.0,,94.0,2022,10,28517,27500,1017,3.6,3.4
2022-10,Wellesley,0.0,64.0,44.0,36.0,67.0,25.0,84.0,78.0,88.0,,20.0,100.0,62.0,61.0,90.0,80.0,,89.0,99.0,,34.0,99.0,83.0,87.0,100.0,89.0,,99.0,,96.0,,44.0,32.0,30.0,100.0,,,59.0,,67.0,57.00000000000000,50.0,,,,80.0,,85.0,72.0,67.0,,,98.0,91.0,57.00000000000000,60.0,,,79.0,85.0,,,94.0,98.0,,,2022,10,13399,12995,404,3.0,3.4
2022-11,Chelsea,0.0,38.0,41.0,31.0,43.0,12.0,65.0,81.0,79.0,,3.0,100.0,96.0,85.0,95.0,52.0,100.0,,98.0,,15.0,,,,99.0,71.0,,,,99.0,23.0,51.0,30.0,35.0,49.0,,,53.0,51.0,97.0,59.0,74.0,99.0,,,88.0,59.0,,70.0,89.0,98.0,,99.0,100.0,47.0,36.0,,,85.0,78.0,,85.0,,95.0,,,2022,11,20168,19520,648,3.2,3.3
2022-11,New Bedford,0.0,12.0,19.0,17.0,25.0,3.0,43.0,62.0,61.0,,2.0,51.0,58.00000000000000,56.00000000000000,65.0,24.0,76.0,86.0,80.0,,5.0,58.00000000000000,68.0,67.0,75.0,29.000000000000000,85.0,95.0,89.0,69.0,13.0,26.0,29.000000000000000,21.0,14.000000000000000,30.0,,30.0,42.0,57.00000000000000,,57.00000000000000,37.0,96.0,,55.00000000000000,52.0,67.0,,68.0,41.0,,72.0,60.0,31.0,26.0,,,63.0,58.00000000000000,,64.0,71.0,67.0,,72.0,2022,11,46561,44043,2518,5.4,3.3
2022-11,Newton,0.0,77.0,44.0,44.0,77.0,43.0,87.0,94.0,97.0,,32.0,,62.0,73.0,100.0,94.0,,,,,45.0,,73.0,92.0,100.0,100.0,,,,,39.0,60.0,53.0,43.0,,,,68.0,80.0,85.0,87.0,72.0,,,,88.0,,98.0,99.0,,,,,,70.0,68.0,,,94.0,94.0,,,,,,,2022,11,47623,46409,1214,2.5,3.3
2022-11,Revere,0.0,28.000000000000000,39.0,36.0,42.0,8.0,55.00000000000000,68.0,59.0,,3.0,84.0,84.0,90.0,88.0,45.0,84.0,87.0,73.0,,12.0,97.0,98.0,,98.0,56.00000000000000,94.0,96.0,84.0,91.0,24.0,48.0,32.0,34.0,64.0,,,43.0,80.0,78.0,61.0,73.0,99.0,,,71.0,96.0,91.0,70.0,86.0,97.0,,98.0,79.0,45.0,37.0,,,80.0,76.0,,81.0,93.0,88.0,,94.0,2022,11,28467,27473,994,3.5,3.3
2022-11,Wellesley,0.0,67.0,45.0,37.0,68.0,31.0,85.0,79.0,89.0,,25.0,100.0,62.0,62.0,91.0,81.0,,90.0,100.0,,36.0,99.0,86.0,91.0,100.0,90.0,,100.0,,98.0,,46.0,32.0,31.0,,,,61.0,,68.0,57.00000000000000,51.0,,,,81.0,,88.0,74.0,69.0,,,98.0,92.0,59.0,61.0,,,80.0,86.0,,,96.0,99.0,,,2022,11,13348,12982,366,2.7,3.3
2022-12,Chelsea,0.0,40.0,43.0,32.0,43.0,14.000000000000000,65.0,81.0,79.0,,4.0,100.0,97.0,85.0,95.0,53.0,100.0,,98.0,,17.0,,,,99.0,72.0,,,,100.0,23.0,52.0,31.0,36.0,49.0,,,54.0,51.0,97.0,59.0,74.0,99.0,,,88.0,59.0,,70.0,89.0,98.0,,100.0,100.0,48.0,37.0,,,86.0,78.0,,85.0,,96.0,,,2022,12,20144,19501,643,3.2,3.3
2022-12,New Bedford,0.0,13.0,20.0,17.0,25.0,4.0,45.0,63.0,62.0,,2.0,51.0,58.00000000000000,56.00000000000000,65.0,25.0,77.0,86.0,80.0,,6.0,58.00000000000000,68.0,67.0,75.0,30.0,85.0,95.0,89.0,69.0,13.0,28.000000000000000,30.0,22.0,15.0,33.0,,30.0,42.0,57.00000000000000,,58.00000000000000,37.0,100.0,,55.00000000000000,53.0,67.0,,68.0,41.0,,72.0,60.0,32.0,27.0,,,63.0,58.00000000000000,,64.0,71.0,67.0,,72.0,2022,12,46586,43955,2631,5.6,3.3
2022-12,Newton,0.0,79.0,45.0,45.0,78.0,46.0,88.0,,97.0,,34.0,,62.0,73.0,100.0,95.0,,,,,47.0,,73.0,92.0,100.0,100.0,,,,,39.0,60.0,54.0,43.0,,,,69.0,80.0,86.0,87.0,72.0,,,,88.0,,99.0,99.0,,,,,,71.0,69.0,,,95.0,94.0,,,,,,,2022,12,47537,46363,1174,2.5,3.3
2022-12,Revere,0.0,30.0,40.0,37.0,43.0,10.0,55.00000000000000,69.0,60.0,,4.0,85.0,84.0,91.0,88.0,45.0,84.0,87.0,73.0,,13.0,98.0,98.0,,98.0,57.00000000000000,95.0,96.0,84.0,91.0,24.0,50.0,32.0,35.0,64.0,,,44.0,80.0,79.0,61.0,73.0,99.0,,,71.0,96.0,93.0,71.0,87.0,97.0,,98.0,79.0,46.0,38.0,,,80.0,76.0,,81.0,94.0,89.0,,94.0,2022,12,28449,27446,1003,3.5,3.3
2022-12,Wellesley,0.0,68.0,45.0,38.0,69.0,34.0,86.0,79.0,90.0,,27.0,100.0,62.0,63.0,92.0,81.0,,90.0,100.0,,37.0,99.0,87.0,92.0,100.0,91.0,,100.0,,98.0,,46.0,32.0,31.0,,,,62.0,,69.0,57.00000000000000,51.0,,,,82.0,,89.0,75.0,70.0,,,98.0,92.0,59.0,62.0,,,81.0,87.0,,,97.0,,,,2022,12,13304,12969,335,2.5,3.3
2023-01,Chelsea,0.0,42.0,44.0,33.0,44.0,16.0,66.0,82.0,80.0,,4.0,100.0,97.0,85.0,95.0,54.0,100.0,,98.0,,18.0,,,,99.0,73.0,,,,100.0,23.0,52.0,35.0,37.0,49.0,,,54.0,51.0,97.0,66.0,74.0,99.0,,,88.0,59.0,,78.0,90.0,98.0,,100.0,100.0,49.0,38.0,,,86.0,78.0,,85.0,,96.0,,,2023,1,20503,19634,869,4.2,4.1
2023-01,New Bedford,0.0,14.000000000000000,22.0,18.0,26.0,4.0,45.0,64.0,62.0,,3.0,54.0,61.0,57.00000000000000,65.0,25.0,77.0,87.0,80.0,,7.000000000000000,62.0,70.0,67.0,75.0,30.0,85.0,95.0,89.0,69.0,22.0,36.0,50.0,23.0,16.0,35.0,,31.0,66.0,73.0,,58.00000000000000,37.0,,,57.00000000000000,82.0,85.0,,68.0,41.0,,72.0,62.0,33.0,27.0,,,63.0,58.00000000000000,,64.0,71.0,67.0,,72.0,2023,1,47371,43986,3385,7.1,4.1
2023-01,Newton,0.0,84.0,48.0,48.0,79.0,49.0,91.0,,,,38.0,,65.0,79.0,100.0,95.0,,,,,51.0,,78.0,99.0,100.0,100.0,,,,,57.00000000000000,62.0,54.0,55.00000000000000,,,,73.0,94.0,87.0,87.0,89.0,,,,93.0,,100.0,99.0,,,,,,74.0,72.0,,,98.0,97.0,,,,,,,2023,1,48101,46681,1420,3.0,4.1
2023-01,Revere,0.0,32.0,41.0,37.0,43.0,12.0,56.00000000000000,70.0,60.0,,4.0,85.0,85.0,91.0,89.0,46.0,85.0,88.0,73.0,,15.0,98.0,99.0,,98.0,58.00000000000000,96.0,98.0,84.0,92.0,24.0,50.0,33.0,38.0,64.0,,,44.0,80.0,79.0,61.0,79.0,99.0,,,72.0,96.0,93.0,71.0,94.0,97.0,,98.0,80.0,47.0,39.0,,,80.0,76.0,,81.0,94.0,89.0,,94.0,2023,1,28865,27634,1231,4.3,4.1
2023-01,Wellesley,0.0,72.0,47.0,41.0,69.0,36.0,86.0,79.0,91.0,,31.0,100.0,64.0,66.0,92.0,81.0,,90.0,,,41.0,99.0,89.0,96.0,100.0,91.0,,100.0,,99.0,,49.0,34.0,34.0,,,,64.0,,71.0,57.00000000000000,56.00000000000000,,,,84.0,,92.0,76.0,77.0,,,99.0,94.0,60.0,64.0,,,81.0,88.0,,,97.0,,,,2023,1,13521,13058,463,3.4,4.1
2023-02,Chelsea,0.0,43.0,45.0,33.0,45.0,17.0,66.0,83.0,80.0,,6.0,100.0,98.0,86.0,95.0,55.00000000000000,100.0,,98.0,,19.0,,,,99.0,74.0,,,,,23.0,52.0,35.0,37.0,49.0,,,55.00000000000000,51.0,97.0,66.0,74.0,99.0,,,88.0,59.0,,78.0,90.0,98.0,,,100.0,49.0,38.0,,,86.0,78.0,,85.0,,96.0,,,2023,2,20476,19626,850,4.2,4.2
2023-02,New Bedford,0.0,15.0,22.0,18.0,26.0,4.0,46.0,65.0,62.0,,3.0,55.00000000000000,62.0,57.00000000000000,65.0,25.0,77.0,87.0,80.0,,7.000000000000000,62.0,71.0,67.0,76.0,30.0,85.0,95.0,89.0,69.0,22.0,36.0,50.0,23.0,16.0,35.0,,32.0,66.0,73.0,,58.00000000000000,37.0,,,57.00000000000000,82.0,85.0,,69.0,41.0,,72.0,62.0,33.0,27.0,,,63.0,59.0,,64.0,72.0,67.0,,72.0,2023,2,47461,43841,3620,7.6,4.2
2023-02,Newton,7.000000000000000,85.0,48.0,49.0,80.0,50.0,91.0,,,,40.0,,65.0,79.0,100.0,95.0,,,,,52.0,,78.0,99.0,100.0,100.0,,,,,57.00000000000000,63.0,55.00000000000000,55.00000000000000,,,,73.0,94.0,87.0,87.0,90.0,,,,93.0,,,99.0,,,,,,74.0,72.0,,,98.0,97.0,,,,,,,2023,2,48038,46661,1377,2.9,4.2
2023-02,Revere,0.0,33.0,42.0,38.0,44.0,12.0,56.00000000000000,70.0,60.0,,5.0,85.0,85.0,91.0,89.0,46.0,85.0,88.0,73.0,,15.0,99.0,99.0,,98.0,58.00000000000000,96.0,98.0,84.0,92.0,24.0,51.0,33.0,39.0,64.0,,,45.0,80.0,79.0,61.0,79.0,99.0,,,72.0,96.0,93.0,71.0,94.0,97.0,,98.0,80.0,47.0,39.0,,,81.0,76.0,,81.0,94.0,89.0,,94.0,2023,2,28836,27622,1214,4.2,4.2
2023-02,Wellesley,4.0,72.0,47.0,41.0,70.0,37.0,87.0,79.0,91.0,,32.0,100.0,64.0,66.0,92.0,81.0,,90.0,,,41.0,99.0,90.0,96.0,100.0,91.0,,100.0,,99.0,,49.0,34.0,34.0,,,,64.0,,72.0,57.00000000000000,56.00000000000000,,,,84.0,,92.0,76.0,78.0,,,99.0,94.0,61.0,64.0,,,82.0,88.0,,,97.0,,,,2023,2,13491,13053,438,3.2,4.2
2023-03,Chelsea,0.0,44.0,46.0,33.0,45.0,18.0,67.0,83.0,80.0,,6.0,100.0,98.0,86.0,95.0,55.00000000000000,100.0,,98.0,,20.0,,,,99.0,74.0,,,,,23.0,53.0,35.0,38.0,49.0,,,55.00000000000000,51.0,97.0,66.0,75.0,99.0,,,88.0,59.0,,78.0,90.0,98.0,,,100.0,50.0,38.0,,,86.0,78.0,,85.0,,96.0,,,2023,3,20395,19614,781,3.8,3.9
2023-03,New Bedford,0.0,15.0,22.0,18.0,26.0,5.0,46.0,65.0,63.0,,4.0,55.00000000000000,62.0,57.00000000000000,66.0,25.0,77.0,88.0,80.0,,7.000000000000000,62.0,71.0,68.0,76.0,30.0,85.0,95.0,89.0,69.0,23.0,37.0,51.0,24.0,16.0,35.0,,32.0,66.0,73.0,,59.0,37.0,,,57.00000000000000,82.0,85.0,,69.0,41.0,,72.0,62.0,33.0,27.0,,,63.0,59.0,,64.0,72.0,67.0,,72.0,2023,3,46729,43508,3221,6.9,3.9
2023-03,Newton,8.0,85.0,49.0,49.0,80.0,51.0,91.0,,,,41.0,,65.0,79.0,100.0,96.0,,,,,53.0,,78.0,99.0,100.0,100.0,,,,,57.00000000000000,63.0,55.00000000000000,56.00000000000000,,,,74.0,96.0,87.0,87.0,90.0,,,,93.0,,,99.0,,,,,,74.0,72.0,,,98.0,97.0,,,,,,,2023,3,47871,46632,1239,2.6,3.9
2023-03,Revere,0.0,34.0,42.0,38.0,44.0,13.0,57.00000000000000,71.0,61.0,,6.0,86.0,85.0,91.0,89.0,47.0,85.0,88.0,73.0,,16.0,99.0,99.0,,98.0,58.00000000000000,96.0,98.0,84.0,92.0,24.0,51.0,33.0,40.0,64.0,,,45.0,80.0,79.0,61.0,80.0,99.0,,,72.0,96.0,93.0,71.0,94.0,97.0,,98.0,80.0,48.0,39.0,,,81.0,76.0,,81.0,94.0,89.0,,94.0,2023,3,28725,27605,1120,3.9,3.9
2023-03,Wellesley,5.0,73.0,47.0,41.0,70.0,38.0,87.0,79.0,91.0,,33.0,100.0,64.0,66.0,92.0,82.0,,90.0,,,42.0,99.0,90.0,96.0,100.0,91.0,,100.0,,99.0,,49.0,34.0,35.0,,,,64.0,,72.0,57.00000000000000,56.00000000000000,,,,84.0,,92.0,76.0,78.0,,,99.0,94.0,61.0,64.0,,,82.0,88.0,,,97.0,,,,2023,3,13444,13045,399,3.0,3.9
2023-04,Chelsea,,,,,,,,,,,6.0,100.0,98.0,86.0,95.0,55.00000000000000,,,,,20.0,,,,99.0,74.0,,,,,,,,,,,,,51.0,97.0,68.0,77.0,99.0,,,88.0,63.0,,80.0,92.0,98.0,,,100.0,,,,,89.0,81.0,,85.0,,98.0,,,2023,4,20234,19766,468,2.3,2.4
2023-04,New Bedford,,,,,,,,,,,4.0,60.0,62.0,57.00000000000000,69.0,25.0,79.0,98.0,,,7.000000000000000,68.0,71.0,68.0,79.0,30.0,85.0,,,72.0,,,,,,,,,70.0,75.0,,63.0,37.0,,,59.0,84.0,88.0,,72.0,41.0,,72.0,64.0,,,,,67.0,61.0,,64.0,74.0,69.0,,72.0,2023,4,45800,43925,1875,4.1,2.4
2023-04,Newton,,,,,,,,,,,41.0,,66.0,92.0,100.0,96.0,,,,,53.0,,78.0,,100.0,100.0,,,,,,,,,,,,,98.0,90.0,91.0,96.0,,,,97.0,,,,,,,,,,,,,,,,,,,,,2023,4,47871,46993,878,1.8,2.4
2023-04,Revere,,,,,,,,,,,6.0,86.0,85.0,91.0,93.0,47.0,88.0,99.0,93.0,,16.0,99.0,99.0,,98.0,58.00000000000000,99.0,,,94.0,,,,,,,,,80.0,82.0,64.0,81.0,99.0,,,74.0,96.0,94.0,73.0,96.0,97.0,,,81.0,,,,,83.0,78.0,,81.0,96.0,91.0,,94.0,2023,4,28494,27818,676,2.4,2.4
2023-04,Wellesley,,,,,,,,,,,33.0,100.0,78.0,,92.0,82.0,,97.0,,,42.0,99.0,91.0,,100.0,91.0,,,,,,,,,,,,,,81.0,72.0,68.0,,,,89.0,,98.0,89.0,88.0,,,,97.0,,,,,92.0,91.0,,,,,,,2023,4,13428,13146,282,2.1,2.4